,,,Wind Installed Capacities (MW) Monthly from 1992 to Date,,,,,,
,,,Ireland,,,Northern Ireland,,,All Island
YYYY,Mon,Month,TSO,DSO,Total,TSO,DSO,Total,Total
1992,Jan,Jan-92,  -   ,  -   ,  -   ,  -   ,  -   ,  -   ,  -   
1992,Feb,Feb-92,  -   ,  -   ,  -   ,  -   ,  -   ,  -   ,  -   
1992,Mar,Mar-92,  -   ,  -   ,  -   ,  -   ,  -   ,  -   ,  -   
1992,Apr,Apr-92,  -   ,  -   ,  -   ,  -   ,  -   ,  -   ,  -   
1992,May,May-92,  -   ,  -   ,  -   ,  -   ,  -   ,  -   ,  -   
1992,Jun,Jun-92,  -   ,  -   ,  -   ,  -   ,  -   ,  -   ,  -   
1992,Jul,Jul-92,  -   ,  -   ,  -   ,  -   ,  -   ,  -   ,  -   
1992,Aug,Aug-92,  -   ,  -   ,  -   ,  -   ,  -   ,  -   ,  -   
1992,Sep,Sep-92,  -   ,  -   ,  -   ,  -   ,  -   ,  -   ,  -   
1992,Oct,Oct-92,  -   ,6.45,6.45,  -   ,  -   ,  -   ,6.45
1992,Nov,Nov-92,  -   ,6.45,6.45,  -   ,  -   ,  -   ,6.45
1992,Dec,Dec-92,  -   ,6.45,6.45,  -   ,  -   ,  -   ,6.45
1993,Jan,Jan-93,  -   ,6.45,6.45,  -   ,  -   ,  -   ,6.45
1993,Feb,Feb-93,  -   ,6.45,6.45,  -   ,  -   ,  -   ,6.45
1993,Mar,Mar-93,  -   ,6.45,6.45,  -   ,  -   ,  -   ,6.45
1993,Apr,Apr-93,  -   ,6.45,6.45,  -   ,  -   ,  -   ,6.45
1993,May,May-93,  -   ,6.45,6.45,  -   ,  -   ,  -   ,6.45
1993,Jun,Jun-93,  -   ,6.45,6.45,  -   ,  -   ,  -   ,6.45
1993,Jul,Jul-93,  -   ,6.45,6.45,  -   ,  -   ,  -   ,6.45
1993,Aug,Aug-93,  -   ,6.45,6.45,  -   ,  -   ,  -   ,6.45
1993,Sep,Sep-93,  -   ,6.45,6.45,  -   ,  -   ,  -   ,6.45
1993,Oct,Oct-93,  -   ,6.45,6.45,  -   ,  -   ,  -   ,6.45
1993,Nov,Nov-93,  -   ,6.45,6.45,  -   ,  -   ,  -   ,6.45
1993,Dec,Dec-93,  -   ,6.45,6.45,  -   ,  -   ,  -   ,6.45
1994,Jan,Jan-94,  -   ,6.45,6.45,  -   ,  -   ,  -   ,6.45
1994,Feb,Feb-94,  -   ,6.45,6.45,  -   ,  -   ,  -   ,6.45
1994,Mar,Mar-94,  -   ,6.45,6.45,  -   ,  -   ,  -   ,6.45
1994,Apr,Apr-94,  -   ,6.45,6.45,  -   ,  -   ,  -   ,6.45
1994,May,May-94,  -   ,6.45,6.45,  -   ,  -   ,  -   ,6.45
1994,Jun,Jun-94,  -   ,6.45,6.45,  -   ,  -   ,  -   ,6.45
1994,Jul,Jul-94,  -   ,6.45,6.45,  -   ,  -   ,  -   ,6.45
1994,Aug,Aug-94,  -   ,6.45,6.45,  -   ,  -   ,  -   ,6.45
1994,Sep,Sep-94,  -   ,6.45,6.45,  -   ,  -   ,  -   ,6.45
1994,Oct,Oct-94,  -   ,6.45,6.45,  -   ,  -   ,  -   ,6.45
1994,Nov,Nov-94,  -   ,6.45,6.45,  -   ,  -   ,  -   ,6.45
1994,Dec,Dec-94,  -   ,6.45,6.45,  -   ,5.791,5.791,12.241
1995,Jan,Jan-95,  -   ,6.45,6.45,  -   ,5.791,5.791,12.241
1995,Feb,Feb-95,  -   ,6.45,6.45,  -   ,11.582,11.582,18.032
1995,Mar,Mar-95,  -   ,6.45,6.45,  -   ,11.582,11.582,18.032
1995,Apr,Apr-95,  -   ,6.45,6.45,  -   ,11.582,11.582,18.032
1995,May,May-95,  -   ,6.45,6.45,  -   ,11.582,11.582,18.032
1995,Jun,Jun-95,  -   ,6.45,6.45,  -   ,11.582,11.582,18.032
1995,Jul,Jul-95,  -   ,6.45,6.45,  -   ,11.582,11.582,18.032
1995,Aug,Aug-95,  -   ,6.45,6.45,  -   ,11.582,11.582,18.032
1995,Sep,Sep-95,  -   ,6.45,6.45,  -   ,11.582,11.582,18.032
1995,Oct,Oct-95,  -   ,6.45,6.45,  -   ,17.373,17.373,23.823
1995,Nov,Nov-95,  -   ,6.45,6.45,  -   ,23.164,23.164,29.614
1995,Dec,Dec-95,  -   ,6.45,6.45,  -   ,23.164,23.164,29.614
1996,Jan,Jan-96,  -   ,6.45,6.45,  -   ,23.164,23.164,29.614
1996,Feb,Feb-96,  -   ,6.45,6.45,  -   ,23.164,23.164,29.614
1996,Mar,Mar-96,  -   ,6.45,6.45,  -   ,23.164,23.164,29.614
1996,Apr,Apr-96,  -   ,6.45,6.45,  -   ,23.164,23.164,29.614
1996,May,May-96,  -   ,6.45,6.45,  -   ,23.164,23.164,29.614
1996,Jun,Jun-96,  -   ,6.45,6.45,  -   ,23.164,23.164,29.614
1996,Jul,Jul-96,  -   ,6.45,6.45,  -   ,23.164,23.164,29.614
1996,Aug,Aug-96,  -   ,6.45,6.45,  -   ,23.164,23.164,29.614
1996,Sep,Sep-96,  -   ,6.45,6.45,  -   ,23.164,23.164,29.614
1996,Oct,Oct-96,  -   ,6.45,6.45,  -   ,23.164,23.164,29.614
1996,Nov,Nov-96,  -   ,6.45,6.45,  -   ,23.164,23.164,29.614
1996,Dec,Dec-96,  -   ,6.45,6.45,  -   ,23.164,23.164,29.614
1997,Jan,Jan-97,  -   ,6.45,6.45,  -   ,23.164,23.164,29.614
1997,Feb,Feb-97,  -   ,6.45,6.45,  -   ,23.164,23.164,29.614
1997,Mar,Mar-97,  -   ,11.25,11.25,  -   ,29.534,29.534,40.784
1997,Apr,Apr-97,  -   ,11.25,11.25,  -   ,29.534,29.534,40.784
1997,May,May-97,  -   ,11.25,11.25,  -   ,29.534,29.534,40.784
1997,Jun,Jun-97,  -   ,11.25,11.25,  -   ,29.534,29.534,40.784
1997,Jul,Jul-97,15,16.23,31.23,  -   ,29.534,29.534,60.764
1997,Aug,Aug-97,15,21.03,36.03,  -   ,29.534,29.534,65.564
1997,Sep,Sep-97,15,21.03,36.03,  -   ,29.534,29.534,65.564
1997,Oct,Oct-97,15,21.03,36.03,  -   ,29.534,29.534,65.564
1997,Nov,Nov-97,15,21.03,36.03,  -   ,29.534,29.534,65.564
1997,Dec,Dec-97,15,42.23,57.23,  -   ,29.534,29.534,86.764
1998,Jan,Jan-98,15,42.23,57.23,  -   ,29.534,29.534,86.764
1998,Feb,Feb-98,15,42.23,57.23,  -   ,29.534,29.534,86.764
1998,Mar,Mar-98,15,42.23,57.23,  -   ,29.534,29.534,86.764
1998,Apr,Apr-98,15,47.23,62.23,  -   ,29.534,29.534,91.764
1998,May,May-98,15,47.23,62.23,  -   ,29.534,29.534,91.764
1998,Jun,Jun-98,15,47.23,62.23,  -   ,29.534,29.534,91.764
1998,Jul,Jul-98,15,47.23,62.23,  -   ,29.534,29.534,91.764
1998,Aug,Aug-98,15,47.23,62.23,  -   ,29.534,29.534,91.764
1998,Sep,Sep-98,15,47.23,62.23,  -   ,29.534,29.534,91.764
1998,Oct,Oct-98,15,47.23,62.23,  -   ,29.534,29.534,91.764
1998,Nov,Nov-98,15,47.23,62.23,  -   ,29.534,29.534,91.764
1998,Dec,Dec-98,15,47.23,62.23,  -   ,29.534,29.534,91.764
1999,Jan,Jan-99,15,49.87,64.87,  -   ,30.576,30.576,95.446
1999,Feb,Feb-99,15,50.56,65.56,  -   ,30.576,30.576,96.136
1999,Mar,Mar-99,15,50.56,65.56,  -   ,30.576,30.576,96.136
1999,Apr,Apr-99,15,50.56,65.56,  -   ,30.576,30.576,96.136
1999,May,May-99,15,50.56,65.56,  -   ,30.576,30.576,96.136
1999,Jun,Jun-99,15,50.56,65.56,  -   ,30.576,30.576,96.136
1999,Jul,Jul-99,15,50.56,65.56,  -   ,30.576,30.576,96.136
1999,Aug,Aug-99,15,50.56,65.56,  -   ,30.576,30.576,96.136
1999,Sep,Sep-99,15,50.56,65.56,  -   ,30.576,30.576,96.136
1999,Oct,Oct-99,15,50.56,65.56,  -   ,30.576,30.576,96.136
1999,Nov,Nov-99,15,55.18,70.18,  -   ,30.576,30.576,100.756
1999,Dec,Dec-99,15,55.18,70.18,  -   ,30.576,30.576,100.756
2000,Jan,Jan-00,15,55.18,70.18,  -   ,30.576,30.576,100.756
2000,Feb,Feb-00,15,55.18,70.18,  -   ,30.576,30.576,100.756
2000,Mar,Mar-00,15,55.18,70.18,  -   ,30.576,30.576,100.756
2000,Apr,Apr-00,15,55.18,70.18,  -   ,30.576,30.576,100.756
2000,May,May-00,15,55.18,70.18,  -   ,30.576,30.576,100.756
2000,Jun,Jun-00,15,55.18,70.18,  -   ,30.576,30.576,100.756
2000,Jul,Jul-00,15,55.18,70.18,  -   ,30.576,30.576,100.756
2000,Aug,Aug-00,15,55.18,70.18,  -   ,30.576,30.576,100.756
2000,Sep,Sep-00,15,63.1,78.1,  -   ,30.576,30.576,108.676
2000,Oct,Oct-00,15,67.06,82.06,  -   ,30.576,30.576,112.636
2000,Nov,Nov-00,15,89.65,104.65,  -   ,30.576,30.576,135.226
2000,Dec,Dec-00,15,101.53,116.53,  -   ,30.576,30.576,147.106
2001,Jan,Jan-01,15,101.53,116.53,  -   ,30.576,30.576,147.106
2001,Feb,Feb-01,15,101.53,116.53,  -   ,30.576,30.576,147.106
2001,Mar,Mar-01,15,101.53,116.53,  -   ,30.576,30.576,147.106
2001,Apr,Apr-01,15,101.53,116.53,  -   ,30.576,30.576,147.106
2001,May,May-01,15,101.53,116.53,  -   ,30.576,30.576,147.106
2001,Jun,Jun-01,15,101.53,116.53,  -   ,30.576,30.576,147.106
2001,Jul,Jul-01,15,101.53,116.53,  -   ,30.576,30.576,147.106
2001,Aug,Aug-01,15,104.53,119.53,  -   ,30.576,30.576,150.106
2001,Sep,Sep-01,15,107.93,122.93,  -   ,30.576,30.576,153.506
2001,Oct,Oct-01,15,107.93,122.93,  -   ,30.576,30.576,153.506
2001,Nov,Nov-01,15,107.93,122.93,  -   ,30.576,30.576,153.506
2001,Dec,Dec-01,15,107.93,122.93,  -   ,30.576,30.576,153.506
2002,Jan,Jan-02,15,107.93,122.93,  -   ,30.576,30.576,153.506
2002,Feb,Feb-02,15,107.93,122.93,  -   ,30.576,30.576,153.506
2002,Mar,Mar-02,15,107.93,122.93,  -   ,30.576,30.576,153.506
2002,Apr,Apr-02,15,107.93,122.93,  -   ,30.576,30.576,153.506
2002,May,May-02,15,107.93,122.93,  -   ,30.576,30.576,153.506
2002,Jun,Jun-02,15,107.93,122.93,  -   ,30.576,30.576,153.506
2002,Jul,Jul-02,15,107.93,122.93,  -   ,30.576,30.576,153.506
2002,Aug,Aug-02,15,119.83,134.83,  -   ,30.576,30.576,165.406
2002,Sep,Sep-02,15,119.83,134.83,  -   ,30.576,30.576,165.406
2002,Oct,Oct-02,15,119.83,134.83,  -   ,30.576,30.576,165.406
2002,Nov,Nov-02,15,119.83,134.83,  -   ,30.576,30.576,165.406
2002,Dec,Dec-02,15,119.83,134.83,  -   ,30.576,30.576,165.406
2003,Jan,Jan-03,15,119.83,134.83,  -   ,30.576,30.576,165.406
2003,Feb,Feb-03,15,119.83,134.83,  -   ,30.576,30.576,165.406
2003,Mar,Mar-03,15,119.83,134.83,  -   ,30.576,30.576,165.406
2003,Apr,Apr-03,15,119.83,134.83,  -   ,75.977,75.977,210.807
2003,May,May-03,40,123.23,163.23,  -   ,75.977,75.977,239.207
2003,Jun,Jun-03,40,123.23,163.23,  -   ,75.977,75.977,239.207
2003,Jul,Jul-03,40,123.89,163.89,  -   ,75.977,75.977,239.867
2003,Aug,Aug-03,40,126.44,166.44,  -   ,75.977,75.977,242.417
2003,Sep,Sep-03,40,126.44,166.44,  -   ,75.977,75.977,242.417
2003,Oct,Oct-03,40,126.44,166.44,  -   ,75.977,75.977,242.417
2003,Nov,Nov-03,40,170.34,210.34,  -   ,75.977,75.977,286.317
2003,Dec,Dec-03,40,170.34,210.34,  -   ,75.977,75.977,286.317
2004,Jan,Jan-04,40,172.89,212.89,  -   ,91.613,91.613,304.503
2004,Feb,Feb-04,40,172.89,212.89,  -   ,91.613,91.613,304.503
2004,Mar,Mar-04,40,175.44,215.44,  -   ,91.613,91.613,307.053
2004,Apr,Apr-04,40,178.84,218.84,  -   ,91.613,91.613,310.453
2004,May,May-04,40,187.15,227.15,  -   ,91.613,91.613,318.763
2004,Jun,Jun-04,40,187.15,227.15,  -   ,91.613,91.613,318.763
2004,Jul,Jul-04,40,187.15,227.15,  -   ,91.613,91.613,318.763
2004,Aug,Aug-04,40,187.15,227.15,  -   ,91.613,91.613,318.763
2004,Sep,Sep-04,40,196.4,236.4,  -   ,91.613,91.613,328.013
2004,Oct,Oct-04,112.4,196.4,308.8,  -   ,91.613,91.613,400.413
2004,Nov,Nov-04,112.4,211.4,323.8,  -   ,91.613,91.613,415.413
2004,Dec,Dec-04,112.4,224.02,336.42,  -   ,91.613,91.613,428.033
2005,Jan,Jan-05,112.4,229.97,342.37,  -   ,91.613,91.613,433.983
2005,Feb,Feb-05,112.4,229.97,342.37,  -   ,91.613,91.613,433.983
2005,Mar,Mar-05,112.4,235.07,347.47,  -   ,91.613,91.613,439.083
2005,Apr,Apr-05,112.4,240.06,352.46,  -   ,124.621,124.621,477.081
2005,May,May-05,143.9,240.06,383.96,  -   ,124.621,124.621,508.581
2005,Jun,Jun-05,143.9,240.06,383.96,  -   ,124.621,124.621,508.581
2005,Jul,Jul-05,143.9,242.61,386.51,  -   ,124.621,124.621,511.131
2005,Aug,Aug-05,163.4,242.61,406.01,  -   ,124.621,124.621,530.631
2005,Sep,Sep-05,163.4,261.02,424.42,  -   ,124.621,124.621,549.041
2005,Oct,Oct-05,222.9,270.37,493.27,  -   ,124.621,124.621,617.891
2005,Nov,Nov-05,222.9,270.37,493.27,  -   ,124.621,124.621,617.891
2005,Dec,Dec-05,222.9,270.37,493.27,  -   ,124.621,124.621,617.891
2006,Jan,Jan-06,222.9,275.97,498.87,  -   ,144.194,144.194,643.064
2006,Feb,Feb-06,222.9,280.92,503.82,  -   ,144.194,144.194,648.014
2006,Mar,Mar-06,267.9,306.92,574.82,  -   ,144.194,144.194,719.014
2006,Apr,Apr-06,267.9,306.92,574.82,  -   ,144.194,144.194,719.014
2006,May,May-06,267.9,313.72,581.62,  -   ,144.194,144.194,725.814
2006,Jun,Jun-06,267.9,317.97,585.87,  -   ,144.194,144.194,730.064
2006,Jul,Jul-06,267.9,351.17,619.07,  -   ,144.194,144.194,763.264
2006,Aug,Aug-06,267.9,405.17,673.07,  -   ,144.194,144.194,817.264
2006,Sep,Sep-06,267.9,405.17,673.07,  -   ,144.194,144.194,817.264
2006,Oct,Oct-06,267.9,405.17,673.07,  -   ,144.194,144.194,817.264
2006,Nov,Nov-06,267.9,408.57,676.47,  -   ,144.194,144.194,820.664
2006,Dec,Dec-06,267.9,408.57,676.47,  -   ,144.194,144.194,820.664
2007,Jan,Jan-07,267.9,416.07,683.97,  -   ,144.194,144.194,828.164
2007,Feb,Feb-07,267.9,416.07,683.97,  -   ,144.194,144.194,828.164
2007,Mar,Mar-07,267.9,416.07,683.97,  -   ,144.194,144.194,828.164
2007,Apr,Apr-07,267.9,416.07,683.97,  -   ,154.618,154.618,838.588
2007,May,May-07,267.9,427.06,694.96,  -   ,163.652,163.652,858.612
2007,Jun,Jun-07,267.9,427.06,694.96,  -   ,163.652,163.652,858.612
2007,Jul,Jul-07,300.35,427.06,727.41,  -   ,163.652,163.652,891.062
2007,Aug,Aug-07,310.85,427.06,737.91,  -   ,163.652,163.652,901.562
2007,Sep,Sep-07,310.85,427.06,737.91,  -   ,177.203,177.203,915.113
2007,Oct,Oct-07,310.85,427.06,737.91,  -   ,239.745,239.745,977.655
2007,Nov,Nov-07,310.85,427.06,737.91,  -   ,251.327,251.327,989.237
2007,Dec,Dec-07,310.85,429.61,740.46,  -   ,251.327,251.327,991.787
2008,Jan,Jan-08,310.85,437.11,747.96,  -   ,251.327,251.327,999.287
2008,Feb,Feb-08,310.85,437.11,747.96,  -   ,251.327,251.327,999.287
2008,Mar,Mar-08,310.85,454.31,765.16,  -   ,251.327,251.327,"1,016.49"
2008,Apr,Apr-08,336.35,454.5,790.85,  -   ,261.751,261.751,"1,052.60"
2008,May,May-08,336.35,454.5,790.85,  -   ,261.751,261.751,"1,052.60"
2008,Jun,Jun-08,417.75,471.39,889.14,  -   ,261.751,261.751,"1,150.89"
2008,Jul,Jul-08,417.75,513.44,931.19,  -   ,261.751,261.751,"1,192.94"
2008,Aug,Aug-08,417.75,513.44,931.19,  -   ,267.658,267.658,"1,198.85"
2008,Sep,Sep-08,417.75,513.44,931.19,  -   ,267.658,267.658,"1,198.85"
2008,Oct,Oct-08,417.75,521.107,938.857,  -   ,267.658,267.658,"1,206.52"
2008,Nov,Nov-08,417.75,524.507,942.257,  -   ,267.658,267.658,"1,209.92"
2008,Dec,Dec-08,417.75,524.507,942.257,  -   ,267.658,267.658,"1,209.92"
2009,Jan,Jan-09,417.75,527.507,945.257,  -   ,348.731,348.731,"1,293.99"
2009,Feb,Feb-09,417.75,527.507,945.257,  -   ,348.731,348.731,"1,293.99"
2009,Mar,Mar-09,432.25,527.507,959.757,  -   ,348.731,348.731,"1,308.49"
2009,Apr,Apr-09,432.25,542.407,974.657,  -   ,348.731,348.731,"1,323.39"
2009,May,May-09,432.25,544.207,976.457,  -   ,348.731,348.731,"1,325.19"
2009,Jun,Jun-09,464.75,551.607,"1,016.36",  -   ,348.731,348.731,"1,365.09"
2009,Jul,Jul-09,519.15,551.607,"1,070.76",  -   ,348.731,348.731,"1,419.49"
2009,Aug,Aug-09,519.15,551.607,"1,070.76",  -   ,348.731,348.731,"1,419.49"
2009,Sep,Sep-09,519.15,551.607,"1,070.76",  -   ,348.731,348.731,"1,419.49"
2009,Oct,Oct-09,583.25,563.357,"1,146.61",  -   ,348.731,348.731,"1,495.34"
2009,Nov,Nov-09,583.25,576.357,"1,159.61",  -   ,348.731,348.731,"1,508.34"
2009,Dec,Dec-09,668.75,582.557,"1,251.31",  -   ,348.731,348.731,"1,600.04"
2010,Jan,Jan-10,668.75,585.107,"1,253.86",  -   ,348.731,348.731,"1,602.59"
2010,Feb,Feb-10,668.75,604.907,"1,273.66",  -   ,348.731,348.731,"1,622.39"
2010,Mar,Mar-10,668.75,622.907,"1,291.66",  -   ,348.731,348.731,"1,640.39"
2010,Apr,Apr-10,668.75,622.907,"1,291.66",  -   ,348.731,348.731,"1,640.39"
2010,May,May-10,668.75,622.907,"1,291.66",  -   ,371.895,371.895,"1,663.55"
2010,Jun,Jun-10,727.8,622.907,"1,350.71",  -   ,371.895,371.895,"1,722.60"
2010,Jul,Jul-10,727.8,634.657,"1,362.46",  -   ,371.895,371.895,"1,734.35"
2010,Aug,Aug-10,727.8,655.657,"1,383.46",  -   ,371.895,371.895,"1,755.35"
2010,Sep,Sep-10,727.8,657.247,"1,385.05",  -   ,392.163,392.163,"1,777.21"
2010,Oct,Oct-10,727.8,657.497,"1,385.30",  -   ,392.163,392.163,"1,777.46"
2010,Nov,Nov-10,727.8,662.62,"1,390.42",  -   ,392.163,392.163,"1,782.58"
2010,Dec,Dec-10,727.8,662.638,"1,390.44",  -   ,392.163,392.163,"1,782.60"
2011,Jan,Jan-11,769.2,662.638,"1,431.84",  -   ,415.327,415.327,"1,847.17"
2011,Feb,Feb-11,769.2,667.288,"1,436.49",  -   ,415.327,415.327,"1,851.82"
2011,Mar,Mar-11,769.2,667.788,"1,436.99",  -   ,415.327,415.327,"1,852.32"
2011,Apr,Apr-11,769.2,679.478,"1,448.68",  -   ,415.327,415.327,"1,864.01"
2011,May,May-11,769.2,679.478,"1,448.68",  -   ,415.327,415.327,"1,864.01"
2011,Jun,Jun-11,769.2,691.978,"1,461.18",  -   ,417.991,417.991,"1,879.17"
2011,Jul,Jul-11,769.2,691.978,"1,461.18",  -   ,417.991,417.991,"1,879.17"
2011,Aug,Aug-11,769.2,727.468,"1,496.67",  -   ,438.838,438.838,"1,935.51"
2011,Sep,Sep-11,769.2,753.468,"1,522.67",73.6,438.838,512.438,"2,035.11"
2011,Oct,Oct-11,769.2,780.198,"1,549.40",73.6,438.838,512.438,"2,061.84"
2011,Nov,Nov-11,769.2,798.898,"1,568.10",73.6,438.838,512.438,"2,080.54"
2011,Dec,Dec-11,769.2,815.398,"1,584.60",73.6,438.838,512.438,"2,097.04"
2012,Jan,Jan-12,769.2,815.398,"1,584.60",73.6,438.838,512.438,"2,097.04"
2012,Feb,Feb-12,769.2,818.798,"1,588.00",73.6,438.838,512.438,"2,100.44"
2012,Mar,Mar-12,769.2,818.798,"1,588.00",73.6,438.838,512.438,"2,100.44"
2012,Apr,Apr-12,769.2,818.798,"1,588.00",73.6,497.442,571.042,"2,159.04"
2012,May,May-12,769.2,851.798,"1,621.00",73.6,497.442,571.042,"2,192.04"
2012,Jun,Jun-12,769.2,851.928,"1,621.13",73.6,497.442,571.042,"2,192.17"
2012,Jul,Jul-12,769.2,886.078,"1,655.28",73.6,497.442,571.042,"2,226.32"
2012,Aug,Aug-12,769.2,896.078,"1,665.28",73.6,497.442,571.042,"2,236.32"
2012,Sep,Sep-12,769.2,905.078,"1,674.28",73.6,497.442,571.042,"2,245.32"
2012,Oct,Oct-12,769.2,934.28,"1,703.48",73.6,497.442,571.042,"2,274.52"
2012,Nov,Nov-12,769.2,934.28,"1,703.48",73.6,497.442,571.042,"2,274.52"
2012,Dec,Dec-12,769.2,934.28,"1,703.48",73.6,526.049,599.649,"2,303.13"
2013,Jan,Jan-13,769.2,941.78,"1,710.98",73.6,550.371,623.971,"2,334.95"
2013,Feb,Feb-13,769.2,941.797,"1,711.00",73.6,550.371,623.971,"2,334.97"
2013,Mar,Mar-13,769.2,"1,001.78","1,770.98",73.6,566.354,639.954,"2,410.93"
2013,Apr,Apr-13,774.2,"1,010.93","1,785.13",73.6,566.354,639.954,"2,425.08"
2013,May,May-13,793.2,"1,010.93","1,804.13",73.6,566.354,639.954,"2,444.08"
2013,Jun,Jun-13,793.2,"1,019.88","1,813.08",73.6,566.354,639.954,"2,453.03"
2013,Jul,Jul-13,793.2,"1,023.88","1,817.08",73.6,566.354,639.954,"2,457.03"
2013,Aug,Aug-13,793.2,"1,023.88","1,817.08",73.6,566.354,639.954,"2,457.03"
2013,Sep,Sep-13,805.2,"1,069.08","1,874.28",73.6,566.354,639.954,"2,514.23"
2013,Oct,Oct-13,810.2,"1,069.08","1,879.28",73.6,566.354,639.954,"2,519.23"
2013,Nov,Nov-13,815.2,"1,069.08","1,884.28",73.6,566.354,639.954,"2,524.23"
2013,Dec,Dec-13,845.2,"1,078.08","1,923.28",73.6,566.354,639.954,"2,563.23"
2014,Jan,Jan-14,855.2,"1,154.93","2,010.13",73.6,566.354,639.954,"2,650.08"
2014,Feb,Feb-14,864.55,"1,167.57","2,032.12",73.6,566.354,639.954,"2,672.07"
2014,Mar,Mar-14,874.55,"1,167.57","2,042.12",73.6,566.354,639.954,"2,682.07"
2014,Apr,Apr-14,874.55,"1,167.57","2,042.12",73.6,566.354,639.954,"2,682.07"
2014,May,May-14,912.55,"1,167.57","2,080.12",73.6,566.354,639.954,"2,720.07"
2014,Jun,Jun-14,912.55,"1,167.87","2,080.42",73.6,566.354,639.954,"2,720.37"
2014,Jul,Jul-14,939.55,"1,211.97","2,151.52",73.6,566.354,639.954,"2,791.47"
2014,Aug,Aug-14,951.55,"1,211.97","2,163.52",73.6,614.998,688.598,"2,852.12"
2014,Sep,Sep-14,963.55,"1,211.97","2,175.52",73.6,638.162,711.762,"2,887.28"
2014,Oct,Oct-14,"1,000.55","1,212.27","2,212.82",73.6,638.162,711.762,"2,924.58"
2014,Nov,Nov-14,"1,015.55","1,212.27","2,227.82",73.6,655.535,729.135,"2,956.95"
2014,Dec,Dec-14,"1,046.55","1,219.87","2,266.42",73.6,655.535,729.135,"2,995.55"
2015,Jan,Jan-15,"1,046.55","1,231.37","2,277.92",73.6,655.535,729.135,"3,007.05"
2015,Feb,Feb-15,"1,046.55","1,232.37","2,278.92",73.6,655.535,729.135,"3,008.05"
2015,Mar,Mar-15,"1,046.55","1,232.37","2,278.92",73.6,658.199,731.799,"3,010.72"
2015,Apr,Apr-15,"1,046.55","1,232.37","2,278.92",73.6,658.199,731.799,"3,010.72"
2015,May,May-15,"1,051.55","1,282.27","2,333.82",73.6,658.199,731.799,"3,065.62"
2015,Jun,Jun-15,"1,066.55","1,286.87","2,353.42",73.6,658.199,731.799,"3,085.22"
2015,Jul,Jul-15,"1,084.55","1,286.87","2,371.42",73.6,658.199,731.799,"3,103.22"
2015,Aug,Aug-15,"1,084.55","1,286.87","2,371.42",73.6,658.199,731.799,"3,103.22"
2015,Sep,Sep-15,"1,103.55","1,291.12","2,394.67",73.6,658.199,731.799,"3,126.47"
2015,Oct,Oct-15,"1,127.55","1,291.12","2,418.67",73.6,658.199,731.799,"3,150.47"
2015,Nov,Nov-15,"1,132.55","1,294.72","2,427.27",73.6,658.199,731.799,"3,159.07"
2015,Dec,Dec-15,"1,152.55","1,294.72","2,447.27",73.6,677.425,751.025,"3,198.29"
2016,Jan,Jan-16,"1,162.55","1,294.72","2,457.27",73.6,677.425,751.025,"3,208.29"
2016,Feb,Feb-16,"1,172.55","1,294.72","2,467.27",73.6,677.425,751.025,"3,218.29"
2016,Mar,Mar-16,"1,172.55","1,294.72","2,467.27",73.6,677.425,751.025,"3,218.29"
2016,Apr,Apr-16,"1,182.55","1,297.72","2,480.27",73.6,693.755,767.355,"3,247.62"
2016,May,May-16,"1,182.55","1,297.72","2,480.27",73.6,693.755,767.355,"3,247.62"
2016,Jun,Jun-16,"1,193.25","1,297.72","2,490.97",73.6,704.41,778.01,"3,268.98"
2016,Jul,Jul-16,"1,193.25","1,297.72","2,490.97",73.6,704.41,778.01,"3,268.98"
2016,Aug,Aug-16,"1,193.25","1,332.92","2,526.17",73.6,704.41,778.01,"3,304.18"
2016,Sep,Sep-16,"1,198.25","1,350.02","2,548.27",73.6,750.135,823.735,"3,372.00"
2016,Oct,Oct-16,"1,228.25","1,392.22","2,620.47",73.6,750.135,823.735,"3,444.20"
2016,Nov,Nov-16,"1,265.65","1,393.52","2,659.17",73.6,767.508,841.108,"3,500.27"
2016,Dec,Dec-16,"1,371.25","1,423.51","2,794.76",73.6,869.023,942.623,"3,737.38"
2017,Jan,Jan-17,"1,371.25","1,434.11","2,805.36",73.6,869.023,942.623,"3,747.98"
2017,Feb,Feb-17,"1,416.25","1,434.61","2,850.86",73.6,933.187,"1,006.79","3,857.64"
2017,Mar,Mar-17,"1,416.25","1,443.40","2,859.65",73.6,967.817,"1,041.42","3,901.07"
2017,Apr,Apr-17,"1,421.25","1,443.40","2,864.65",73.6,992.313,"1,065.91","3,930.57"
2017,May,May-17,"1,469.25","1,457.20","2,926.45",73.6,992.313,"1,065.91","3,992.37"
2017,Jun,Jun-17,"1,505.50","1,463.20","2,968.70",73.6,"1,006.79","1,080.39","4,049.09"
2017,Jul,Jul-17,"1,529.50","1,486.60","3,016.10",73.6,"1,006.79","1,080.39","4,096.49"
2017,Aug,Aug-17,"1,541.50","1,543.40","3,084.90",121.1,"1,006.79","1,127.89","4,212.79"
2017,Sep,Sep-17,"1,541.50","1,568.48","3,109.98",121.1,"1,006.79","1,127.89","4,237.87"
2017,Oct,Oct-17,"1,541.50","1,568.48","3,109.98",121.1,"1,006.79","1,127.89","4,237.87"
2017,Nov,Nov-17,"1,541.50","1,630.11","3,171.61",121.1,"1,006.79","1,127.89","4,299.50"
2017,Dec,Dec-17,"1,591.50","1,720.76","3,312.26",121.1,"1,032.62","1,153.72","4,465.98"
2018,Jan,Jan-18,"1,591.50","1,752.51","3,344.01",121.1,"1,032.62","1,153.72","4,497.73"
2018,Feb,Feb-18,"1,591.50","1,784.51","3,376.01",121.1,"1,059.26","1,180.36","4,556.37"
2018,Mar,Mar-18,"1,631.10","1,784.51","3,415.61",121.1,"1,059.26","1,180.36","4,595.97"
2018,Apr,Apr-18,"1,631.10","1,797.06","3,428.16",121.1,"1,059.26","1,180.36","4,608.52"
2018,May,May-18,"1,631.10","1,797.06","3,428.16",121.1,"1,059.26","1,180.36","4,608.52"
2018,Jun,Jun-18,"1,636.10","1,810.24","3,446.34",121.1,"1,059.26","1,180.36","4,626.70"
2018,Jul,Jul-18,"1,641.10","1,814.69","3,455.79",121.1,"1,155.15","1,276.25","4,732.05"
2018,Aug,Aug-18,"1,679.90","1,814.69","3,494.59",121.1,"1,155.15","1,276.25","4,770.85"
2018,Sep,Sep-18,"1,691.95","1,846.69","3,538.64",121.1,"1,155.15","1,276.25","4,814.90"
2018,Oct,Oct-18,"1,754.45","1,849.19","3,603.64",121.1,"1,155.15","1,276.25","4,879.90"
2018,Nov,Nov-18,"1,759.45","1,849.19","3,608.64",121.1,"1,155.15","1,276.25","4,884.90"
2018,Dec,Dec-18,"1,774.45","1,892.59","3,667.04",121.1,"1,155.15","1,276.25","4,943.29"
2019,Jan,Jan-19,"1,789.65","1,893.09","3,682.74",121.1,"1,155.15","1,276.25","4,958.99"
2019,Feb,Feb-19,"1,789.65","1,893.09","3,682.74",121.1,"1,155.15","1,276.25","4,958.99"
2019,Mar,Mar-19,"1,789.65","1,911.09","3,700.74",121.1,"1,155.15","1,276.25","4,976.99"
2019,Apr,Apr-19,"1,789.65","1,913.73","3,703.38",121.1,"1,155.15","1,276.25","4,979.63"
2019,May,May-19,"1,789.65","1,940.18","3,729.83",121.1,"1,155.15","1,276.25","5,006.08"
2019,Jun,Jun-19,"1,794.65","1,943.68","3,738.33",121.1,"1,155.15","1,276.25","5,014.58"
2019,Jul,Jul-19,"1,794.65","1,943.68","3,738.33",121.1,"1,155.15","1,276.25","5,014.58"
2019,Aug,Aug-19,"1,814.65","1,961.64","3,776.29",121.1,"1,155.15","1,276.25","5,052.54"
2019,Sep,Sep-19,"1,878.65","2,022.62","3,901.27",121.1,"1,155.15","1,276.25","5,177.52"
2019,Oct,Oct-19,"1,882.45","2,078.65","3,961.10",121.1,"1,155.15","1,276.25","5,237.36"
2019,Nov,Nov-19,"1,887.45","2,124.15","4,011.60",121.1,"1,155.15","1,276.25","5,287.86"
2019,Dec,Dec-19,"1,932.45","2,187.19","4,119.64",121.1,"1,155.15","1,276.25","5,395.90"
2020,Jan,Jan-20,"1,962.45","2,193.69","4,156.14",121.1,"1,155.15","1,276.25","5,432.40"
2020,Feb,Feb-20,"1,999.95","2,200.29","4,200.24",121.1,"1,155.15","1,276.25","5,476.50"
2020,Mar,Mar-20,"1,999.95","2,213.29","4,213.24",121.1,"1,155.15","1,276.25","5,489.50"
2020,Apr,Apr-20,"2,019.75","2,227.09","4,246.84",121.1,"1,155.15","1,276.25","5,523.10"
2020,May,May-20,"2,019.75","2,227.09","4,246.84",121.1,"1,155.15","1,276.25","5,523.10"
2020,Jun,Jun-20,"2,019.75","2,227.09","4,246.84",121.1,"1,155.15","1,276.25","5,523.10"
2020,Jul,Jul-20,"2,019.75","2,227.09","4,246.84",121.1,"1,155.15","1,276.25","5,523.10"
2020,Aug,Aug-20,"2,019.75","2,227.09","4,246.84",121.1,"1,155.15","1,276.25","5,523.10"
2020,Sep,Sep-20,"2,019.75","2,227.09","4,246.84",121.1,"1,155.15","1,276.25","5,523.10"
2020,Oct,Oct-20,"2,019.75","2,235.09","4,254.84",121.1,"1,155.15","1,276.25","5,531.10"
2020,Nov,Nov-20,"2,019.75","2,235.09","4,254.84",121.1,"1,155.15","1,276.25","5,531.10"
2020,Dec,Dec-20,"2,064.75","2,235.09","4,299.84",121.1,"1,155.15","1,276.25","5,576.10"
2021,Jan,Jan-21,"2,074.05",,,121.1,"1,155.15","1,276.25",
2021,Feb,Feb-21,"2,074.05",,,121.1,"1,155.15","1,276.25",
2021,Mar,Mar-21,"2,074.05",,,121.1,"1,155.15","1,276.25",
2021,Apr,Apr-21,"2,074.05",,,121.1,"1,155.15","1,276.25",
2021,May,May-21,"2,074.05",,,121.1,"1,155.15","1,276.25",
2021,Jun,Jun-21,"2,074.05",,,121.1,"1,155.15","1,276.25",
2021,Aug,Aug-21,"2,074.05","2,258.14","4,332.19",121.1,,,
2021,Sep,Sep-21,"2,074.05","2,258.14","4,332.19",121.1,,,
2021,Oct,Oct-21,"2,074.05","2,258.14","4,332.19",121.1,,,
2021,Nov,Nov-21,"2,074.05","2,258.14","4,332.19",121.1,,,
2021,Dec,Dec-21,"2,074.05","2,258.14","4,332.19",121.1,,,
2022,Jan,Jan-22,"2,074.05","2,258.14","4,332.19",121.1,,,
2022,Feb,Feb-22,"2,074.05","2,268.94","4,342.99",121.1,,,
2022,Mar,Mar-22,"2,074.05","2,269.07","4,343.12",121.1,,,
2022,Apr,Apr-22,"2,074.05","2,269.57","4,343.62",121.1,,,
2022,May,May-22,"2,074.05","2,269.57","4,343.62",121.1,,,
2022,Jun,Jun-22,"2,074.05","2,269.57","4,343.62",121.1,,,
2022,Jul,Jul-22,"2,074.05","2,292.63","4,366.68",121.1,,,
2022,Aug,Aug-22,"2,074.05","2,292.63","4,366.68",121.1,,,
2022,Sep,Sep-22,"2,104.05","2,292.63","4,396.68",121.1,,,
2022,Oct,Oct-22,"2,134.05","2,292.63","4,426.68",121.1,,,
2022,Nov,Nov-22,"2,174.65","2,292.63","4,467.28",121.1,,,
2022,Dec,Dec-22,"2,234.65","2,292.63","4,527.28",121.1,,,
2023,Jan,Jan-23,"2,263.65","2,292.63","4,556.28",121.1,,,
2023,Feb,Feb-23,"2,277.45","2,292.63","4,570.08",121.1,,,
2023,Mar,Mar-23,"2,277.45","2,292.63","4,570.08",121.1,,,
2023,Apr,Apr-23,"2,295.45","2,292.63","4,588.08",121.1,,,
2023,May,May-23,"2,295.45","2,292.63","4,588.08",121.1,,,
2023,Jun,Jun-23,"2,345.65","2,292.63","4,638.28",121.1,,,
2023,Jul,Jul-23,"2,369.45","2,296.23","4,665.68",121.1,,,
2023,Aug,Aug-23,"2,403.85","2,296.23","4,700.08",121.1,,,
2023,Sep,Sep-23,"2,416.75","2,296.35","4,713.10",121.1,,,
2023,Oct,Oct-23,"2,416.75",,,121.1,,,
2023,Nov,Nov-23,"2,416.75",,,121.1,,,
2023,Dec,Dec-23,"2,416.75",,,121.1,"1,243.21","1,364.31",
